{
    "loss": 30.136411666870117,
    "accuracy": 0.4313725531101227
}